,item_number,material_class,composition_formula,hydrogen_weight_percent,heat_of_formation,temperature,Temp,pressure,author_year,reference_number,comment1,comment2,comment3
0,810,AB2,TiCrMn,2.1,19.6,40,313.15,190.0,"Beeri, 2000",1269.0,,at T=-60C,
1,1509,Complex,NaAlH4,7.5,12.8,210,483.15,153.0,"Dymova, 1975",720.0,[AlH4]-,Stoichiometric H-content,
2,993,AB5,CeNi5,1.5,22.2,23,296.15,80.0,"Klyamkin, 1995",407.0,,,
3,975,AB5,Ce0.8La0.2Ni5,1.5,20.8,60,333.15,74.0,"Salamova, 2002",1509.0,,,
4,1504,Complex,NaAlH4,4.7,37.0,150,423.15,61.0,"Bogdanovicâ€™, 2000",1431.0,[AlH4]-,Measured H-content,Ti-doped
5,121,A2B,Mg2Ni,3.7,62.2,450,723.15,57.0,"Reiser, 2000",1463.0,,,
8,1453,Complex,Mg2Ni,3.7,62.2,450,723.15,57.0,"Reiser, 2000",1463.0,,,
11,1968,Mg,Mg2Ni,3.7,62.2,450,723.15,57.0,"Reiser, 2000",1463.0,,,
14,992,AB5,CeNi5,1.4,14.2,25,298.15,50.0,"Lundin, 1977",149.0,,,
15,2652,SS,V.855Cr.145,2.3,29.7,50,323.15,50.0,"Lynch, 1978",84.0,,,
16,799,AB2,TiCr1.8 (M),2.43,20.2,-20,253.15,40.0,"Johnson, 1978",335.0,,,
17,803,AB2,TiCr2,0.8,23.0,20,293.15,40.0,"Machida, 1978",371.0,,,
18,967,AB5,Ce.8La.2Ni5,1.5,23.8,23,296.15,30.0,"Klyamkin, 1995",407.0,,,
19,213,AB,TiFe.9Mn.1,1.2,27.2,100,373.15,30.0,"Someno, 1979",381.0,,,
20,961,AB5,Ce.6La.4Ni5,1.5,22.3,25,298.15,28.0,"Dayan, 1981",382.0,,,
21,1411,AB5,YCo5,0.73,32.2,31,304.15,28.0,"Takeshita, 1974",101.0,,,
22,1450,Complex,Mg2FeH6,5.5,79.2,450,723.15,28.0,"Reiser, 1998",1159.0,[FeH6]4-,,
24,1949,Mg,Mg2Fe,5.5,79.2,450,723.15,28.0,"Reiser, 1998",1159.0,(Mg2Fe phase not stable without H),,
26,1390,AB5,PrNi2.5Cu2.5,0.8,19.3,23,296.15,25.0,"Pourarian, 1986",254.0,(+ Cu1),,
27,1001,AB5,ErNi4.5Al.5,0.8,25.4,0,273.15,25.0,"Sorgic, 1996",591.0,,,
29,2575,SS,Pd.75Rh.25,0.8,25.4,0,273.15,5.0,"Noh, 1993",867.0,,,
31,1884,Mg,Mg.833Ni.066Cu.095M1.006 (M),4.9,68.0,357,630.15,25.0,"Au, 1995",711.0,(M1=La-rich Mm),,
32,106,A2B,Mg2Fe,5.5,77.2,450,723.15,25.0,"Reiser, 2000",1463.0,Mg2Fe not stable without H,,
35,1446,Complex,Mg2Fe,5.5,77.2,450,723.15,25.0,"Reiser, 2000",1463.0,Mg2Fe not stable without H,,
38,1950,Mg,Mg2Fe,5.5,77.2,450,723.15,25.0,"Reiser, 2000",1463.0,Mg2Fe not stable without H,,
41,779,AB2,Ti0.9Zr.1MnCr.9V.1,1.7,22.5,30,303.15,24.0,"Liu, 1996",690.0,,,
42,1355,AB5,MmNi5,1.46,21.1,25,298.15,23.0,"Reilly, 1977",281.0,,,
43,1010,AB5,HoNi4.5Al.5,0.9,24.1,0,273.15,22.0,"Sorgic, 1996",635.0,,,
44,1487,Complex,Na3AlH6,5.9,64.0,210,483.15,21.4,"Dymova, 1975",720.0,[AlH6]3-,Stoichiometric H-content,
45,1189,AB5,MmNi5,1.44,26.4,30,303.15,20.5,"Osumi, 1979",119.0,,,
46,1187,AB5,MmNi5,1.37,14.2,25,298.15,20.0,"Lundin, 1977",149.0,,,
47,798,AB2,TiCr1.8,1.9,19.7,-32,241.15,20.0,"Beeri, 1999",1258.0,,,
48,1377,AB5,NdNi5,1.27,21.6,20,293.15,20.0,"Uchida, 1982",131.0,,,
49,1415,AB5,YNi4.5Al.5,1.1,22.4,20,293.15,20.0,"Sorgic, 1998",812.0,,,
50,760,AB2,Ti.98Zr.02V.43Fe.09Cr.05Mn1.5,1.6,23.3,20,293.15,20.0,"Hahne, 1998",850.0,,,
51,833,AB2,TiMn2,1.7,24.6,0,273.15,20.0,"Klyamkin, 1994",688.0,,,
52,1393,AB5,PrNi5 (M),1.4,26.4,20,293.15,20.0,"Uchida, 1982",131.0,,,
53,997,AB5,DyNi4.5Al.5,1.0,27.3,20,293.15,20.0,"Sorgic, 1996",635.0,,,
54,210,AB,TiFe.9Cr.1,1.1,30.5,150,423.15,20.0,"Someno, 1979",381.0,,,
55,781,AB2,Ti1.2Cr1.9Mn.1,1.8,20.1,-10,263.15,19.4,"Osumi, 1983",40.0,,,
56,966,AB5,Ce.8La.2Ni4.7Cu0.3,1.5,21.0,23,296.15,18.0,"Klyamkin, 1995",407.0,,,
57,1379,AB5,NdNi5 (M),1.33,27.8,30,303.15,18.0,"Gruen, 1977",168.0,,,
58,1223,AB5,La0.4Pr0.6Co5 (M),0.9,29.0,20,293.15,17.0,"Burnasheva, 1978",1517.0,,,Upper plateau
59,1375,AB5,NdNi5,0.9,27.9,20,293.15,16.0,"Takaguchi, 2000",1196.0,,,
60,1349,AB5,Mm.9Ti.1Ni5,1.3,31.0,30,303.15,16.0,"Osumi, 1978",117.0,(+ Ti.25 & Ti.5),,
61,102,A2B,Mg2Co,4.5,76.0,450,723.15,16.0,"Reiser, 2000",1463.0,Mg2Co not stable without H,,
64,1444,Complex,Mg2Co,4.5,76.0,450,723.15,16.0,"Reiser, 2000",1463.0,Mg2Co not stable without H,,
67,1853,Mg,Mg2Co,4.5,76.0,450,723.15,16.0,"Reiser, 2000",1463.0,Mg2Co not stable without H,,
70,150,AB,Ti.9Fe.9B.2,1.5,7.6,27,300.15,14.0,"Rajalakshmi, 1998",852.0,,,
71,1081,AB5,LaNi4.95Sn.05,1.3,32.0,100,373.15,14.0,"Luo, 1998",815.0,,,
72,1185,AB5,MmNi5,1.4,23.7,23,296.15,13.5,"Verbetsky, 1996",634.0,,,
73,1383,AB5,PrCo5,0.7,34.3,100,373.15,13.5,"Clinton, 1975",102.0,,,
74,1347,AB5,Mm.8Ca.2Ni5,1.6,24.2,25,298.15,13.0,"Sandrock, 1977",106.0,,,
75,1378,AB5,NdNi5,1.36,26.3,23,296.15,13.0,"Anderso, 1973",99.0,,,
76,442,AB2,Ti.8Zr.2Mn.8Cr1.0Fe.2,1.8,28.0,20,293.15,12.0,"Gamo, 1979",35.0,,,
77,1052,AB5,LaNi4.6Si0.4,1.0,34.2,100,373.15,12.0,"Luo, 2002",1514.0,,,
78,188,AB,TiFe.5Co.5,1.1,41.4,150,423.15,12.0,"Someno, 1979",381.0,,,
79,1137,AB5,MmNi4.15Fe.85,1.14,25.3,25,298.15,11.2,"Huston, 1980",77.0,,,
80,974,AB5,Ce0.7La0.7Ni5,1.4,25.0,20,293.15,11.0,"Mordkovich, 1993",1525.0,,,
81,448,AB2,Ti.8Zr.2Mn1.5Fe.5,1.7,25.4,30,303.15,11.0,"Hong, 1993",373.0,,,
82,186,AB,TiFe (M),1.7,26.7,51,324.15,11.0,"Yamanaka, 1975",73.0,,,
83,1945,Mg,Mg2CuAl.125 (M),2.8,63.0,330,603.15,11.0,"Biris, 1982",716.0,,,
84,1845,Mg,Mg2Al3 (M),2.6,63.2,335,608.15,11.0,"Mintz, 1980",698.0,,,
85,566,AB2,ZrCrFeCo.8,1.1,20.0,0,273.15,10.0,"Wallace, 1985",1168.0,,,sloping plateau
86,1401,AB5,TbNi4.5Al.5,1.1,26.9,20,293.15,10.0,"Sorgic, 1996",635.0,,,
87,446,AB2,Ti.8Zr.2Mn1.5Cr.5,2.0,27.5,30,303.15,10.0,"Hong, 1993",373.0,,,
88,1374,AB5,NdNi4.9Sn.1,1.2,27.9,20,293.15,10.0,"Takaguchi, 2000",1196.0,,,
89,1412,AB5,YCo5,0.9,28.5,0,273.15,10.0,"Sarynin, 1977",667.0,,,
90,1394,AB5,PrNi5 (M),1.4,29.0,20,293.15,10.0,"Matsumoto, 1987",568.0,,,
91,587,AB2,ZrFeMn,1.6,31.0,150,423.15,10.0,"Suzuki, 1982",27.0,,,
92,2223,MIC,Pr2Co7,0.7,33.3,100,373.15,10.0,"Clinton, 1975",102.0,,,
93,581,AB2,ZrFe1.6Al.4,1.0,36.0,24,297.15,10.0,"Fujii, 1982",22.0,,,
94,2079,MIC,ErCo3,1.2,38.0,100,373.15,10.0,"Wallace, 1980",439.0,,,
95,139,A2B,Mg2Ni0.7Zr0.3,3.5,59.8,340,613.15,10.0,"Zhang, 1998",1465.0,,,
97,1995,Mg,Mg2Ni0.7Zr0.3,3.5,59.8,340,613.15,10.0,"Zhang, 1998",1465.0,,,
99,2552,SS,(V.9Ti.1).95Fe.05,3.7,43.2,80,353.15,9.3,"Lynch, 1985",351.0,,,
100,990,AB5,CeNi4.5Al.5,1.4,21.6,23,296.15,9.0,"Pourarian, 1985",423.0,,,
101,759,AB2,Ti.98Zr.02Mn1.5V.43Fe.09Cr.05,1.9,27.4,20,293.15,9.0,"Bernauer, 1989",341.0,,,
102,1169,AB5,MmNi4.6Al.2Fe.2V.03,1.4,28.1,30,303.15,9.0,"Lee, 1996",451.0,,,
103,445,AB2,Ti.8Zr.2Mn1.4V.2Cr.4,1.9,29.0,20,293.15,9.0,"Gamo, 1980",31.0,,,
104,203,AB,TiFe.95Mn.05 (M),1.6,29.3,50,323.15,9.0,"Mintz, 1981",390.0,,,
105,1344,AB5,Mm.5Ca.5Ni2.5Co2.5,1.1,34.7,50,323.15,9.0,"Osumi, 1980",122.0,,,
106,1794,Mg,Mg12Ce,3.8,65.0,341,614.15,9.0,"Boulet, 1983",704.0,,,
107,1782,Mg,Mg-10Ni,3.6,78.0,335,608.15,9.0,"Boulet, 1983",704.0,,,
108,1345,AB5,Mm.5Ca.5Ni5,1.3,27.6,30,303.15,8.2,"Osumi, 1978",117.0,"(+ Ca.1, Ca.25, Ca.75)",,
109,569,AB2,ZrCrFeNi.8,1.1,21.0,0,273.15,8.0,"Wallace, 1985",1168.0,,,sloping plateau
110,1126,AB5,MmNi3.5Cu.5,1.13,23.4,25,298.15,8.0,"Sandrock, 1978",113.0,,,
111,1167,AB5,MmNi4.5Si.5,0.91,27.6,20,293.15,8.0,"Osumi, 1982",127.0,"(+ Si.4, Si.6, Si.8)",,
112,2070,MIC,Er2Co7 (M),1.3,29.6,50,323.15,8.0,"Goudy, 1976",186.0,,,
113,1392,AB5,PrNi5,1.58,30.5,23,296.15,8.0,"Anderso, 1973",99.0,,,
114,1045,AB5,LaNi4.6Ge0.4,1.1,34.0,100,373.15,8.0,"Luo, 2002",1514.0,,,
115,1905,Mg,Mg.9Sc.1,6.2,79.5,375,648.15,8.0,"Ogawa, 1982",705.0,,,
116,1656,Mg,Mg51Zn20,3.6,80.9,330,603.15,8.0,"Bruzzone, 1983",431.0,,,
118,2185,MIC,Mg51Zn20,3.6,80.9,330,603.15,8.0,"Bruzzone, 1983",431.0,,,
120,1183,AB5,MmNi4Cu0.7Ti0.1Sn0.1Fe0.1,1.4,37.3,22,295.15,7.4,"Petrova, 1989",1520.0,,,
121,761,AB2,Ti.9Zr.15Mn1.6Cr.2V.2,2.1,15.4,25,298.15,7.0,"Xu, 2001",1290.0,,,
122,843,AB2,Zr.7Ti.3Cr.6Fe1.4,1.5,22.0,23,296.15,7.0,"Wallace, 1985",1169.0,,,
123,991,AB5,CeNi4.5Mn.5,1.2,25.4,23,296.15,7.0,"Pourarian, 1985",423.0,,,
124,828,AB2,TiMn1.5,1.9,28.7,20,293.15,7.0,"Gamo, 1981",31.0,,,
125,769,AB2,Ti.9Zr.2Mn1.6Cr.2(VFe).2,2.1,30.0,25,298.15,7.0,"Xu, 2001",1290.0,VFe=ferrovanadium,,
126,1005,AB5,GdNi4.5Al.5,0.9,32.7,20,293.15,7.0,"Sorgic, 1996",635.0,,,
127,562,AB2,ZrCrFe1.2,1.4,34.0,120,393.15,7.0,"Ivanova, 1999",1259.0,,,calor.
128,197,AB,TiFe.8Ni.15V.05,1.3,41.0,150,423.15,7.0,"Oguro, 1983",78.0,,,
129,1799,Mg,Mg12Mm,4.6,82.0,350,623.15,7.0,"Shaltiel, 1984",706.0,,,
130,1373,AB5,NdNi4.8Sn.2,1.1,25.7,20,293.15,6.5,"Takaguchi, 2000",1196.0,,,
131,2578,SS,Pd.825Ni.1Rh.075,0.7,21.4,30,303.15,6.3,"Sakamoto, 1995",603.0,,,
132,565,AB2,ZrCrFe1.8,1.3,19.0,23,296.15,6.0,"Wallace, 1985",1168.0,,,sloping plateau
133,1391,AB5,PrNi4.5Fe.5 (M),1.26,20.5,23,296.15,6.0,"Pourarian, 1986",254.0,,,
134,811,AB2,TiCrMn.85Fe.3V.15,1.6,20.9,20,293.15,6.0,"Hagstrom, 1998",1242.0,,,
135,1414,AB5,YNi4.25Al.75,1.1,24.3,21,294.15,6.0,"Sorgic, 1998",812.0,,,
136,1168,AB5,MmNi4.6Al.2Fe.2V.03,1.3,27.9,21,294.15,6.0,"Lee, 1996",676.0,,,
137,980,AB5,CeCo5,0.65,29.0,50,323.15,6.0,"Kuijpers, 1972",96.0,,,
138,1138,AB5,MmNi4.15Fe.85,1.14,29.0,18,291.15,6.0,"Ron, 1987",276.0,,,
139,996,AB5,DyNi4.25Ga.75,0.8,30.1,20,293.15,6.0,"Miletic, 2000",1213.0,,,
140,817,AB2,TiMn1.3Fe.11,1.7,32.7,24,297.15,6.0,"Gamo, 1980",36.0,,,
141,2116,MIC,HoCo3,1.2,36.0,100,373.15,6.0,"Wallace, 1980",439.0,,,
142,1184,AB5,MmNi4Cu0.7Ti0.1Sn0.1V0.1,1.4,37.1,22,295.15,6.0,"Petrova, 1989",1520.0,,,
143,2088,MIC,Gd2Co7 (M),0.9,40.0,100,373.15,6.0,"Goudy, 1976",186.0,,,
144,693,AB2,GdRh2,0.9,49.0,142,415.15,6.0,"Shaltiel, 1979",361.0,,,
145,104,A2B,Mg2Cu,2.6,72.9,295,568.15,6.0,"Reilly, 1967",87.0,,,
147,1944,Mg,Mg2Cu,2.6,72.9,295,568.15,6.0,"Reilly, 1967",87.0,,,
149,2179,MIC,LuCo3 (M),1.0,32.0,20,293.15,5.9,"Kierstead, 1984",571.0,,,
150,782,AB2,Ti1.2CrMn,2.0,25.5,-10,263.15,5.7,"Osumi, 1983",40.0,,,
151,103,A2B,Mg2Co (M),4.2,108.0,418,691.15,5.7,"Yoshida, 1993",594.0,(Mg2Co phase not stable without H),,
153,1854,Mg,Mg2Co (M),4.2,108.0,418,691.15,5.7,"Yoshida, 1993",594.0,(Mg2Co phase not stable without H),,
155,2093,MIC,Gd3Ni6Al2,1.0,33.6,300,573.15,5.6,"Pechev, 1997",839.0,,,
156,467,AB2,Ti.95Zr.05Cr1.2Mn.8,1.7,21.9,20,293.15,5.5,"Hagstrom, 1998",1242.0,,,
157,578,AB2,ZrFe1.5Cr.5,1.4,24.3,50,323.15,5.5,"Shaltiel, 1977",14.0,,,
158,1919,Mg,Mg0.80La0.10Al0.10,4.8,76.0,302,575.15,5.5,"Semenenko, 1986",1507.0,,,Sloping plateau
159,187,AB,TiFe (M),1.9,28.1,30,303.15,5.2,"Reilly, 1974",319.0,,,
160,599,AB2,ZrMn1.11Fe1.22,1.5,13.3,100,373.15,5.0,"Sinha, 1983",23.0,,,
161,579,AB2,ZrFe1.5Cr.5,1.5,25.6,20,293.15,5.0,"Ivey, 1984",29.0,,,
162,1172,AB5,MmNi4.6Al.4,1.4,28.0,30,303.15,5.0,"Iwakura, 1995",1177.0,,,
163,1139,AB5,MmNi4.2Al.4Co.4,1.3,28.4,30,303.15,5.0,"Iwakura, 1995",1177.0,,,
164,443,AB2,Ti.8Zr.2Mn1.2Cr.8,2.0,28.9,20,293.15,5.0,"Machida, 1978",371.0,,,
165,555,AB2,Zr.76Ti.24Ni1.16Mn.63V.14Fe.18,1.6,29.7,30,303.15,5.0,"Morii, 1995",410.0,,,
166,1399,AB5,SmCo5,0.7,30.0,25,298.15,5.0,"Yamaguchi, 1983",156.0,,,
167,208,AB,TiFe.9Co.1,1.5,30.6,50,323.15,5.0,"Lee, 1999",1211.0,,,
168,2105,MIC,Ho2Co7 (M),1.1,36.7,50,323.15,5.0,"Goudy, 1976",186.0,,,
169,1267,AB5,LaNi3.92Al.98,1.1,42.0,250,523.15,5.0,"Ivanova, 1997",639.0,,,
170,1254,AB5,LaCu5,0.8,42.7,101,374.15,5.0,"Spada, 1987",255.0,,,
171,1927,Mg,Mg0.90La0.075Al0.025,5.1,68.0,308,581.15,5.0,"Semenenko, 1986",1507.0,,,Sloping plateau
172,1834,Mg,Mg2.23Ni (M),3.9,67.3,323,596.15,4.9,"Friedlmeier, 1997",714.0,,,
173,1162,AB5,MmNi4.5Cr.5,1.2,25.5,20,293.15,4.8,"Suzuki, 1981",125.0,(+ Cr.75 & Cr1.0),,
174,2588,SS,Pd.8Rh.2,0.8,28.4,30,303.15,4.8,"Noh, 1993",867.0,,,
175,1176,AB5,MmNi4.6Sn.4,0.6,29.4,15,288.15,4.7,"Balasubramaniam, 1993",588.0,(Mm=Indian [high-Fe]),,
176,89,A2B,Mg1.75Ni,2.8,26.6,300,573.15,4.5,"Kuji, 2002",1492.0,,Ball milled,
178,1942,Mg,Mg1.75Ni,2.8,26.6,300,573.15,4.5,"Kuji, 2002",1492.0,,Ball milled,
180,2546,SS,(V.89Ti.11).95Fe.05,3.3,42.9,40,313.15,4.5,"Libowitz, 1987",697.0,,,
181,1913,Mg,Mg0.708La0.125Al0.167,4.2,67.0,300,573.15,4.5,"Semenenko, 1986",1507.0,,,Sloping plateau
182,1762,Mg,Mg1.7NiAl.3 (M),2.7,76.2,312,585.15,4.5,"Biris, 1982",758.0,,,
183,1921,Mg,Mg0.85La0.10Al0.05,6.2,77.0,300,573.15,4.5,"Semenenko, 1986",1507.0,,,Sloping plateau
184,1221,AB5,La0.3Mm0.7Ni4.5Cu0.3Al0.2,1.4,31.4,22,295.15,4.4,"Petrova, 1989",1520.0,,,
185,1803,Mg,Mg14Al12Ti3 (M),3.8,73.0,337,610.15,4.2,"Lupu, 1982",757.0,,,
186,604,AB2,ZrMn1.53Fe1.27,1.0,9.0,23,296.15,4.0,"Sinha, 1983",23.0,,,
187,645,AB2,ZrMnFe.7Co.3,1.2,17.6,30,303.15,4.0,"Prakash, 2000",1285.0,,,Sloping plateau
188,541,AB2,Zr.5Ti.5CrFe,1.8,27.0,23,296.15,4.0,"Yu, 1985",555.0,,,
189,452,AB2,Ti.8Zr.2Mn1.8Mo.2,1.7,29.0,20,293.15,4.0,"Gamo, 1980",31.0,,,
190,2481,SS,Pd.9Co.1,0.5,29.8,80,353.15,4.0,"Feenstra, 1987",609.0,,,
191,1099,AB5,LaNi4Cu,1.0,33.9,60,333.15,4.0,"Mendelsohn, 1977",168.0,,,
192,2523,SS,Ti.23Mn.36V.41,2.8,34.0,40,313.15,4.0,"Cho, 2000",1407.0,,,Sloping plateau
193,742,AB2,MgYNi4,1.05,35.8,40,313.15,4.0,"Aono, 2000",1273.0,,,
194,1011,AB5,HoNi4Al,0.9,35.9,60,333.15,4.0,"Sorgic, 1996",635.0,,,
195,1054,AB5,LaNi4.6Sn0.4,1.1,38.2,100,373.15,4.0,"Luo, 2002",1514.0,,,
196,171,AB,TiCo.5Fe.5,1.1,42.3,100,373.15,4.0,"Suzuki, 1981",82.0,,,
197,168,AB,TiCo,1.4,57.4,155,428.15,4.0,"Yamanaka, 1975",73.0,,,
198,91,A2B,Mg1.92Al.08Ni,3.5,70.5,295,568.15,4.0,"Hirata, 1983",427.0,,,
200,1763,Mg,Mg1.92NiAl.08,3.5,70.5,295,568.15,4.0,"Hirata, 1983",427.0,,,
202,1577,Complex,Ca4Mg4Fe3H22,5.0,122.0,441,714.15,4.0,"Huang, 1993",738.0,[FeH6]4-,,
203,1562,Complex,Yb4Mg4Fe3H22,2.3,137.0,458,731.15,4.0,"Huang, 1993",738.0,[FeH6]4-,,
204,947,AB5,Ca.7Mm.3Ni5,1.9,26.6,25,298.15,3.8,"Sandrock, 1978",113.0,,,
205,1158,AB5,MmNi4.5Al.5,1.2,28.0,25,298.15,3.8,"Sandrock, 1978",113.0,,,
206,88,A2B,Mg1.5Ni,2.6,29.1,300,573.15,3.7,"Kuji, 2002",1492.0,,Ball milled,
208,1940,Mg,Mg1.5Ni,2.6,29.1,300,573.15,3.7,"Kuji, 2002",1492.0,,Ball milled,
210,108,A2B,Mg2Ni,3.1,31.3,300,573.15,3.7,"Kuji, 2002",1492.0,,Ball milled,
212,1954,Mg,Mg2Ni,3.1,31.3,300,573.15,3.7,"Kuji, 2002",1492.0,,Ball milled,
214,770,AB2,Ti.9Zr.2Mn1.6Ni.2(VFe).2,2.0,23.2,25,298.15,3.6,"Xu, 2001",1290.0,VFe=ferrovanadium,,
215,1217,AB5,La0.13Ce0.35Pr0.52Co5,0.8,40.0,50,323.15,3.6,"Sarynin, 1981",1526.0,,,
216,631,AB2,ZrMn2Co.8,0.9,19.3,23,296.15,3.5,"Pourarian, 1984",551.0,,,
217,1488,Complex,Na3AlH6,5.9,50.8,150,423.15,3.5,"Tolle, 1998",1160.0,[AlH6]3-,Stoichiometric H-content,Ti-catalyzed
218,152,AB,Ti.9Zr.1Fe,1.0,28.9,30,303.15,3.3,"Jang, 1986",397.0,,,
219,1157,AB5,MmNi4.5Al.5,1.17,23.0,30,303.15,3.2,"Osumi, 1979",119.0,,,
220,1398,AB5,SmCo5,0.64,34.9,20,293.15,3.2,"Kuijpers, 1971",94.0,,,
221,172,AB,TiCo.5Mn.5,1.6,46.9,120,393.15,3.2,"Osumi, 1980",80.0,,,
222,151,AB,Ti.9La.1Co,1.5,60.0,150,423.15,3.2,"Kato, 1981",83.0,,,
223,1835,Mg,Mg2.42Ni (M),3.9,63.1,301,574.15,3.2,"Post, 1984",718.0,,,
224,117,A2B,Mg2Ni,3.6,64.5,299,572.15,3.2,"Reilly, 1968",88.0,,,
226,1963,Mg,Mg2Ni,3.6,64.5,299,572.15,3.2,"Reilly, 1968",88.0,,,
228,111,A2B,Mg2Ni,3.3,65.9,300,573.15,3.2,"Sun, 1999",1228.0,Solid-state synthesized,,
230,1957,Mg,Mg2Ni,3.3,65.9,300,573.15,3.2,"Sun, 1999",1228.0,Solid-state synthesized,,
232,1841,Mg,Mg-26Cu (M),5.3,78.3,330,603.15,3.2,"Reilly, 1967",87.0,,,
233,112,A2B,Mg2Ni,3.3,63.2,300,573.15,3.1,"Song, 1998",1224.0,,,
235,1958,Mg,Mg2Ni,3.3,63.2,300,573.15,3.1,"Song, 1998",1224.0,,,
237,637,AB2,ZrMn2Fe1.2,0.7,6.8,25,298.15,3.0,"Sinha, 1982",509.0,,,
238,639,AB2,ZrMn2Ni.8,1.3,18.6,23,296.15,3.0,"Pourarian, 1984",551.0,,,
239,767,AB2,Ti.9Zr.2Mn1.4Cr.4(VFe).2,2.1,25.5,25,298.15,3.0,"Xu, 2001",1290.0,VFe=ferrovanadium,,
240,524,AB2,Zr(Fe.75Cr.25)2,1.4,25.6,45,318.15,3.0,"Fang, 2000",1283.0,,,
241,773,AB2,Ti.9Zr.2Mn1.8V.2,2.1,26.0,25,298.15,3.0,"Xu, 2001",1290.0,,,
242,447,AB2,Ti.8Zr.2Mn1.5Cu.5,1.6,27.0,30,303.15,3.0,"Hong, 1993",373.0,,,
243,850,AB2,Zr.8Ti.2Cr.6Fe1.4,1.6,27.0,23,296.15,3.0,"Wallace, 1985",1169.0,,,
244,567,AB2,ZrCrFeCu.8,1.2,28.0,23,296.15,3.0,"Wallace, 1985",1168.0,,,
245,772,AB2,Ti.9Zr.2Mn1.8(VFe).2,2.0,29.1,25,298.15,3.0,"Xu, 2001",1290.0,VFe=ferrovanadium,,
246,575,AB2,ZrFe1.4Cr.6,1.5,29.9,20,293.15,3.0,"Ivey, 1984",29.0,,,
247,1141,AB5,MmNi4.2Al.4Fe.4,1.1,30.0,30,303.15,3.0,"Iwakura, 1995",1177.0,,,
248,2592,SS,Pd.90Pt.10,0.3,30.7,80,353.15,3.0,"Yasumatsu, 1999",1406.0,,,
249,624,AB2,ZrMn2.7,1.3,33.6,100,373.15,3.0,"Uchida, 1986",370.0,,,
250,616,AB2,ZrMn2,1.5,36.0,210,483.15,3.0,"Fujii, 1987",369.0,,,
251,1416,AB5,YNi4Al,1.0,40.8,60,333.15,3.0,"Sorgic, 1998",812.0,,,
252,2063,MIC,DyCo3,1.3,42.0,100,373.15,3.0,"Wallace, 1980",439.0,,,
253,2097,MIC,GdCo3 (M),1.4,45.0,150,423.15,3.0,"Wallace, 1980",439.0,,,
254,696,AB2,GdRu2,1.0,60.0,225,498.15,3.0,"Shaltiel, 1979",361.0,,,
255,1914,Mg,Mg0.70Ni0.25Nd0.05,3.4,69.0,300,573.15,3.0,"Tanaka, 1999",1479.0,,Melt spun,
256,1946,Mg,Mg2CuAl.25 (M),3.0,72.0,330,603.15,3.0,"Biris, 1982",716.0,,,
257,1947,Mg,Mg2CuAl.375 (M),3.2,76.0,330,603.15,3.0,"Biris, 1982",716.0,,,
258,1840,Mg,Mg-25Ni (M),5.7,77.5,323,596.15,3.0,"Reilly, 1968",88.0,,,
259,1986,Mg,Mg2Ni.85Al.15 (M),3.4,84.0,327,600.15,3.0,"Biris, 1982",758.0,,,
260,1136,AB5,MmNi3Co2,1.4,32.7,20,293.15,2.9,"Osumi, 1979",121.0,(+ Co1.0 & Co2.5),,
261,1670,Mg,Mg-5Ni,7.4,76.4,323,596.15,2.9,"Friedlmeier, 1997",714.0,,,
262,1165,AB5,MmNi4.5Mn.5,1.49,28.0,20,293.15,2.7,"Wang, 1989",267.0,,,
263,2583,SS,Pd.85Rh.15,0.7,31.0,50,323.15,2.7,"Noh, 1993",867.0,,,
264,771,AB2,Ti.9Zr.2Mn1.6Ni.2V.2,2.1,31.7,25,298.15,2.7,"Xu, 2001",1290.0,,,
265,1971,Mg,Mg-2Ni,7.2,75.6,316,589.15,2.7,"Friedlmeier, 1997",714.0,,,
266,846,AB2,Zr.7Ti.3Mn2Fe.8,0.8,14.0,25,298.15,2.6,"Sinha, 1982",20.0,,,
267,214,AB,TiFe.9Mn.1 (M),1.9,29.5,25,298.15,2.6,"Johnson, 1978",330.0,,,
268,120,A2B,Mg2Ni,3.6,71.3,300,573.15,2.6,"Li, 2000",1236.0,Hydriding combustion synthesis,,
270,1967,Mg,Mg2Ni,3.6,71.3,300,573.15,2.6,"Li, 2000",1236.0,Hydriding combustion synthesis,,
272,563,AB2,ZrCrFe1.6,1.2,29.1,30,303.15,2.5,"Uchida, 1986",370.0,,,
273,2163,MIC,LaCaMgNi9,1.8,33.0,20,293.15,2.5,"Chen, 2000",1295.0,,,
275,2164,MIC,LaCaMgNi9,1.8,33.0,20,293.15,2.5,"Chen, 2000",1316.0,,,
277,1000,AB5,ErNi3.5Al1.5,0.7,39.8,115,388.15,2.5,"Sorgic, 1996",591.0,,,
278,99,A2B,Mg1.9Ti.1Ni,2.9,62.5,300,573.15,2.5,"Liang, 1999",1226.0,Nanocrystalline,,
280,1771,Mg,Mg1.9Ti.1Ni,2.9,62.5,300,573.15,2.5,"Liang, 1999",1226.0,Nanocrystalline,,
282,118,A2B,Mg2Ni,3.6,64.6,300,573.15,2.5,"Lutz, 1977",420.0,,,
284,1964,Mg,Mg2Ni,3.6,64.6,300,573.15,2.5,"Lutz, 1977",420.0,(Dynamic PCT),,
286,1293,AB5,LaNi5,1.5,30.1,21,294.15,2.4,"van Vucht, 1970",93.0,,,
287,2609,SS,Pd.952Ti.048,0.4,27.2,100,373.15,2.3,"Evans, 1980",462.0,,,
288,1328,AB5,LmNi4.4Co.2Mn.2Al.2,1.3,34.1,50,323.15,2.3,"Groll, 1989",266.0,(Lm = La-rich Mm),,
289,958,AB5,Ce.5La.5Ni2.5Cu2.5,1.1,22.9,23,296.15,2.2,"Pourarian, 1986",254.0,,,
290,444,AB2,Ti.8Zr.2Mn1.2V.2Cr.6,1.9,30.5,20,293.15,2.2,"Gamo, 1979",35.0,,,
292,450,AB2,Ti.8Zr.2Mn1.6V.2Cr.2,1.9,30.5,20,293.15,2.0,"Gamo, 1979",35.0,,,
294,167,AB,TiCo,1.3,57.8,150,423.15,2.2,"Osumi, 1980",80.0,,,
295,166,AB,TiCo,1.1,61.1,150,423.15,2.2,"Someno, 1979",381.0,,,
296,110,A2B,Mg2Ni,3.3,67.0,300,573.15,2.2,"Liang, 1999",1226.0,Nanocrystalline,,
298,1956,Mg,Mg2Ni,3.3,67.0,300,573.15,2.2,"Liang, 1999",1226.0,Nanocrystalline,,
300,1164,AB5,MmNi4.5Mn.5,1.3,17.6,20,293.15,2.1,"Osumi, 1979",120.0,"(+ Mn.25, Mn.75, Mn1.0)",,
301,1086,AB5,LaNi4.9Sn0.1,1.3,32.0,35,308.15,2.1,"Filatova, 2001",1527.0,,,
302,1002,AB5,ErNi4Al,0.9,32.4,0,273.15,2.1,"Sorgic, 1996",591.0,,,
303,867,AB2,Zr.9Ti.1Cr.55Fe1.45,1.6,1.03,10,283.15,2.0,"Park, 2001",1292.0,,,
304,847,AB2,Zr.7Ti.3MnFe,1.7,10.0,23,296.15,2.0,"Sinha, 1982",25.0,,,
305,2076,MIC,Er6Fe23,0.8,19.0,0,273.15,2.0,"Smith, 1983",612.0,,,
306,1317,AB5,LaNi6.37Mn0.33,0.8,23.2,20,293.15,2.0,"Verbetsky, 1989",1529.0,,,
307,2435,MIC,(Y.5Ca.5)(MgCa)Ni9,2.0,25.8,-10,263.15,2.0,"Kadir, 1999",1304.0,,,Sloping plateau
308,2485,SS,Pd.9Pt.1,0.4,27.4,25,298.15,2.0,"Thiebaut, 1995",482.0,,,
309,147,AB,Ti.46Fe.45V.05Mn.05,1.7,28.6,22,295.15,2.0,"Mitrokhin, 1993",396.0,,,
310,551,AB2,Zr.6Ho.4Co2,1.0,29.3,50,323.15,2.0,"Ramesh, 1993",363.0,,,
311,635,AB2,ZrMn2Fe.8,1.2,29.3,30,303.15,2.0,"Uchida, 1986",370.0,,,
312,598,AB2,ZrMn1.11Fe1.22,1.3,29.4,30,303.15,2.0,"Uchida, 1986",370.0,,,
313,806,AB2,TiCr2,1.8,29.7,-40,233.15,2.0,"Kabutomori, 1995",479.0,,,
314,1154,AB5,MmNi4.4Al.6,1.2,30.0,30,303.15,2.0,"Iwakura, 1995",1177.0,,,
315,601,AB2,ZrMn1.22Fe1.14,1.2,31.0,40,313.15,2.0,"Uchida, 1986",370.0,,,
316,1142,AB5,MmNi4.2Al.4Mn.4,1.4,31.0,30,303.15,2.0,"Iwakura, 1995",1177.0,,,
317,1354,AB5,MmCFNi4.8Al.2,1.33,31.4,25,298.15,2.0,"Mendelsoh, 1979",265.0,(MmCF = cerium-free Mm),,
318,1140,AB5,MmNi4.2Al.4Cr.4,1.3,31.8,30,303.15,2.0,"Iwakura, 1995",1177.0,,,
319,2060,MIC,Dy2Co7 (M),1.1,34.2,50,323.15,2.0,"Ming, 1999",1300.0,,,
320,2059,MIC,Dy2Co7 (M),1.1,35.8,50,323.15,2.0,"Goudy, 1976",186.0,,,
321,561,AB2,ZrCrFe,1.6,36.0,51,324.15,2.0,"Yu, 1985",555.0,,,
322,2178,MIC,Lu6Fe23,0.6,39.7,0,273.15,2.0,"Smith, 1983",612.0,,,
323,1633,Complex,Li3Be2H5,8.1,40.0,300,573.15,2.0,"Zaluska, 2000",1450.0,,Measured H-content,
324,2256,MIC,Tb2Co7 (M),1.1,40.4,50,323.15,2.0,"Goudy, 1976",186.0,,,
325,732,AB2,LaRh2 (M),1.4,44.3,244,517.15,2.0,"Shaltiel, 1979",361.0,,,
326,923,AB2,ZrCr2Co.8,1.0,45.3,100,373.15,2.0,"Drasner, 1991",564.0,,,
327,678,AB2,GdCo2 (M),1.5,48.0,200,473.15,2.0,"Shaltiel, 1979",361.0,,,
328,2657,SS,V.8Ti.2,3.0,48.1,80,353.15,2.0,"Ono, 1980",452.0,,,
329,170,AB,TiCo (M),1.45,54.0,152,425.15,2.0,"Burch, 1979",500.0,,,
330,2225,MIC,Pr2Co7 (M),1.1,54.6,150,423.15,2.0,"Goudy, 1976",186.0,,,
331,2010,Mg,Mg-33Mg2Ni (M),5.8,79.0,302,575.15,2.0,"Buchner, 1978",699.0,,,
332,1982,Mg,Mg2Ni.75Fe.25 (M),3.6,86.0,312,585.15,2.0,"Lupu, 1983",717.0,,,
333,1781,Mg,Mg-10Ni,6.2,90.0,300,573.15,2.0,"Hong, 2002",1494.0,,Rotation-cylinder synthesis method,
334,1973,Mg,Mg2Ni.75Al.25 (M),3.5,90.0,327,600.15,2.0,"Biris, 1982",758.0,,,
335,768,AB2,Ti.9Zr.2Mn1.4Cr.4V.2,2.1,26.7,25,298.15,1.9,"Xu, 2001",1290.0,,,
336,129,A2B,Mg2Ni.75Fe.25 (M),3.3,65.2,300,573.15,1.9,"Yuan, 1997",828.0,,Includes free Mg,
338,1981,Mg,Mg2Ni.75Fe.25 (M),3.3,65.2,300,573.15,1.9,"Yuan, 1997",828.0,,,
340,829,AB2,TiMn1.5,1.9,27.9,0,273.15,1.8,"Andreev, 1982",522.0,,,
341,2602,SS,Pd.92Pt.08,0.4,30.7,80,353.15,1.8,"Yasumatsu, 1999",1406.0,,,
342,1289,AB5,LaNi5,1.5,30.8,25,298.15,1.8,"Lundin, 1975",260.0,,,
343,1275,AB5,LaNi3Cu2,1.1,33.0,35,308.15,1.8,"Ganich, 1999",1523.0,,,
344,216,AB,TiFe.9Ni.1,1.4,35.6,50,323.15,1.8,"Lee, 1999",1211.0,,,
345,1108,AB5,MmCo5,0.7,40.2,40,313.15,1.8,"Osumi, 1978",117.0,,,
346,2658,SS,V.8Ti.2,3.4,60.0,110,383.15,1.8,"Sirotina, 1995",1158.0,,(cal),
347,1279,AB5,LaNi5,1.4,29.1,20,293.15,1.7,"Zhang, 1989",262.0,(Chemically recovered),,
348,1287,AB5,LaNi5,1.5,30.2,25,298.15,1.7,"Luo, 1998",815.0,,,
349,1972,Mg,Mg2Ni.63Fe.37 (M),3.7,82.0,320,593.15,1.7,"Lupu, 1983",717.0,,,
350,1298,AB5,LaNi5.5Mn0.1Al0.05,1.0,26.0,20,293.15,1.6,"Verbetsky, 1989",1529.0,,,
351,854,AB2,Zr.8Ti.2FeMn,1.4,30.0,30,303.15,1.6,"Park, 1991",562.0,,,
352,1920,Mg,Mg0.80Ni0.15Nd0.05,4.9,76.0,300,573.15,1.6,"Tanaka, 1999",1479.0,,Melt spun,
353,577,AB2,ZrFe1.5Cr,1.5,23.0,23,296.15,1.5,"Sinha, 1985",554.0,,,
354,1085,AB5,LaNi4.9Mn0.1,1.4,29.0,35,308.15,1.5,"Ganich, 1999",1521.0,,,
355,1280,AB5,LaNi5,1.4,29.5,21,294.15,1.5,"Shilov, 1988",672.0,,,
356,839,AB2,Zr.79Ti.21MnFe1.02,1.5,33.0,30,303.15,1.5,"Uchida, 1986",370.0,,,
357,1084,AB5,LaNi4.9Al0.1,1.4,33.0,35,308.15,1.5,"Filatova, 2001",1527.0,,,
358,898,AB2,ZrCo1.5V.5,1.5,34.3,50,323.15,1.5,"Shaltiel, 1977",14.0,,,
359,423,AB2,Ti.5Zr.5Mn1.2Fe.3,1.9,39.0,120,393.15,1.5,"Komazaki, 1983",29.0,,,
360,2360,MIC,Y4.3Sc.7Si2.6Ge.4,0.5,39.4,426,699.15,1.5,"McColm, 1987",611.0,,,
361,425,AB2,Ti.5Zr.5Mn2,1.8,40.0,70,343.15,1.5,"Gamo, 1979",34.0,,,
362,2260,MIC,TbCo3 (M),1.3,44.0,100,373.15,1.5,"Wallace, 1980",439.0,,,
363,1679,Mg,Mg-5V,5.8,62.0,310,583.15,1.5,"Liang, 1999",1474.0,,Ball milled composite,
364,982,AB5,CeCo5 (M),0.6,39.0,20,293.15,1.45,"Burnasheva, 1978",1517.0,,,Lower plateau
366,970,AB5,Ce0.2Pr0.8Co5 (M),0.6,39.0,20,293.15,0.23,"Burnasheva, 1978",1517.0,,,Lower plateau
368,979,AB5,CeCo5,0.5,40.0,20,293.15,1.45,"Burnasheva, 1978",1518.0,,,
369,976,AB5,Ce0.8Pr0.2Co5 (M),0.6,37.0,20,293.15,1.42,"Burnasheva, 1978",1517.0,,,Lower plateau
370,1372,AB5,NdNi4.6Sn.4,1.0,26.4,20,293.15,1.4,"Takaguchi, 2000",1196.0,,,sloping plateau
371,149,AB,Ti.96Zr.04Fe.95Nb.04,1.7,31.8,30,303.15,1.4,"Sasai, 1983",79.0,,,
372,191,AB,TiFe.7Mn.2,2.0,34.7,40,313.15,1.4,"Reilly, 1976",383.0,,,
373,1668,Mg,Mg-5Ni,5.9,102.0,300,573.15,1.4,"Hong, 2002",1494.0,,Rotation-cylinder synthesis method,
374,1003,AB5,EuNi5,1.2,26.0,25,298.15,1.3,"Gavra, 1985",280.0,,,
375,1297,AB5,LaNi5.2Mn0.05Al0.05,0.8,26.8,20,293.15,1.3,"Verbetsky, 1989",1529.0,,,
376,2162,MIC,LaCaMgNi6Mn3,1.8,32.3,20,293.15,1.3,"Chen, 2000",1316.0,,,
378,2161,MIC,LaCaMgNi6Mn.3,1.8,32.3,20,293.15,1.0,"Chen, 2000",1295.0,,,
380,138,A2B,Mg2Ni0.75Ti0.25,3.2,59.0,250,523.15,1.3,"Yang, 2002",1493.0,,Ball milling + diffusion synthesis,
384,1994,Mg,Mg2Ni0.75Ti0.25,3.2,59.0,250,523.15,1.3,"Yang, 2002",1493.0,,Ball milling + diffusion synthesis,
388,134,A2B,Mg2Ni0.75Cu0.25,3.2,59.0,250,523.15,1.2,"Yang, 2002",1493.0,,Ball milling + diffusion synthesis,
392,1990,Mg,Mg2Ni0.75Cu0.25,3.2,59.0,250,523.15,1.2,"Yang, 2002",1493.0,,Ball milling + diffusion synthesis,
396,1784,Mg,Mg-10Ni (M),7.2,77.4,292,565.15,1.3,"Friedmmeier, 1988",713.0,,,
397,973,AB5,Ce0.6Pr0.4Co5 (M),0.6,38.5,20,293.15,1.26,"Burnasheva, 1978",1517.0,,,Lower plateau
399,971,AB5,Ce0.4Pr0.6Co5 (M),0.6,38.5,20,293.15,1.0,"Burnasheva, 1978",1517.0,,,Lower plateau
401,2086,MIC,ErNi3,1.5,23.8,-40,233.15,1.2,"Verbetsky, 1996",636.0,,,
402,2058,MIC,CePtAl,0.3,24.0,22,295.15,1.2,"Bobet, 2002",1348.0,,,
403,1059,AB5,LaNi4.7Al.3,1.37,29.7,50,323.15,1.2,"Groll, 1989",266.0,,,
404,206,AB,TiFe.9Al.1,1.3,30.0,25,298.15,1.2,"Bruzzone, 1981",422.0,,,
405,1056,AB5,LaNi4.75Al0.25,1.2,33.7,35,308.15,1.2,"Filatova, 1999",1522.0,,,
406,137,A2B,Mg2Ni0.75Ti0.25,3.2,56.0,250,523.15,1.2,"Yang, 2002",1493.0,,Ball milling + diffusion synthesis,
408,1993,Mg,Mg2Ni0.75Ti0.25,3.2,56.0,250,523.15,1.2,"Yang, 2002",1493.0,,Ball milling + diffusion synthesis,
410,2084,MIC,ErFe3,0.8,42.9,150,423.15,1.15,"Goudy, 1976",186.0,,,
411,989,AB5,CeNi4.25Mn.75,1.4,24.7,23,296.15,1.1,"Pourarian, 1985",423.0,,,
412,1258,AB5,LaNi2Cu3,0.9,32.0,35,308.15,1.1,"Ganich, 1999",1523.0,,,
413,1202,AB5,La.8Ce.2Ni4.8Sn.25,1.2,32.4,25,298.15,1.1,"Zhang, 1996",679.0,,,
414,1109,AB5,MmCo5,0.7,32.8,25,298.15,1.1,"Kitada, 1977",507.0,,,
415,2440,MIC,CaTiMgNi9,1.9,33.4,20,293.15,1.1,"Chen, 2000",1316.0,,,
417,2439,MIC,CaTiMgNi9,1.9,33.4,20,293.15,1.0,"Chen, 2000",1295.0,,,
419,1078,AB5,LaNi4.8Sn0.2,1.2,33.5,35,308.15,1.1,"Filatova, 1999",1522.0,,,
420,1230,AB5,La0.75Ce0.25Ni4Cu0.9Ti0.1,1.4,38.4,22,295.15,1.1,"Petrova, 1989",1520.0,,,
421,1225,AB5,La0.65Ce0.28Pr0.07Co5,1.0,47.0,50,323.15,1.1,"Sarynin, 1981",1526.0,,,
422,109,A2B,Mg2Ni,3.2,61.0,250,523.15,1.1,"Yang, 2002",1493.0,,Ball milling + diffusion synthesis,
428,1955,Mg,Mg2Ni,3.2,61.0,250,523.15,1.1,"Yang, 2002",1493.0,,Ball milling + diffusion synthesis,
434,133,A2B,Mg2Ni0.75Cr0.25,3.2,61.0,250,523.15,0.9,"Yang, 2002",1493.0,,Ball milling + diffusion synthesis,
440,1989,Mg,Mg2Ni0.75Cr0.25,3.2,61.0,250,523.15,0.9,"Yang, 2002",1493.0,,Ball milling + diffusion synthesis,
446,132,A2B,Mg2Ni0.75Co0.25,3.2,61.0,250,523.15,0.5,"Yang, 2002",1493.0,,Ball milling + diffusion synthesis,
452,1988,Mg,Mg2Ni0.75Co0.25,3.2,61.0,250,523.15,0.5,"Yang, 2002",1493.0,,Ball milling + diffusion synthesis,Sloping plateau
458,1828,Mg,Mg-1Ni,4.6,102.0,300,573.15,1.1,"Hong, 2002",1494.0,,Rotation-cylinder synthesis method,
459,2487,SS,Pd.9Rh.1,0.7,24.0,25,298.15,1.03,"Thiebaut, 1995",482.0,,,
460,857,AB2,Zr.8Ti.2MnFe,1.7,11.0,23,296.15,1.0,"Sinha, 1982",25.0,,,
461,600,AB2,ZrMn1.22Fe1.11,1.5,13.0,23,296.15,1.0,"Sinha, 1983",23.0,,,
462,572,AB2,ZrFe1.4Cr,1.7,21.0,23,296.15,1.0,"Sinha, 1985",554.0,,,
463,681,AB2,GdFe2,1.5,29.0,292,565.15,1.0,"Shaltiel, 1979",361.0,,,
464,1285,AB5,LaNi5,1.5,31.8,15,288.15,1.0,"Murray, 1981",261.0,,,
465,1042,AB5,LaNi4.6Cu0.3Mn0.1,1.4,32.0,35,308.15,1.0,"Ganich, 1999",1521.0,,,
466,1229,AB5,La0.75Ce0.25Ni4Cu0.9Al0.1,1.4,32.9,22,295.15,1.0,"Petrova, 1989",1520.0,,,
467,472,AB2,TiV1.6Ni.4,3.3,33.2,120,393.15,1.0,"Chen, 1994",1163.0,,,
468,1065,AB5,LaNi4.7Si.3,1.1,33.8,25,298.15,1.0,"Meli, 1992",674.0,,,
469,451,AB2,Ti.8Zr.2Mn1.7V.2Mo.1,2.0,35.0,14,287.15,1.0,"Gamo, 1979",35.0,,,
470,557,AB2,ZrCr2Ni.8,1.4,37.9,100,373.15,1.0,"Drasner, 1991",564.0,,,
471,253,AB,HfNi (M),1.3,40.0,190,463.15,1.0,"Nemirovskaya, 1991",606.0,,,
472,249,AB,HfCo,1.3,43.0,270,543.15,1.0,"Nemirovskaya, 1991",606.0,,,
473,136,A2B,Mg2Ni0.75Mn0.25,3.2,58.0,250,523.15,1.0,"Yang, 2002",1493.0,,Ball milling + diffusion synthesis,
475,1992,Mg,Mg2Ni0.75Mn0.25,3.2,58.0,250,523.15,1.0,"Yang, 2002",1493.0,,Ball milling + diffusion synthesis,
477,126,A2B,Mg2Ni.75Cr.25,3.0,59.9,248,521.15,1.0,"Darnaudery, 1983",418.0,,,
479,1977,Mg,Mg2Ni.75Cr.25,3.0,59.9,248,521.15,1.0,"Darnaudery, 1983",418.0,,,
481,135,A2B,Mg2Ni0.75Fe0.25,3.2,60.0,250,523.15,1.0,"Yang, 2002",1493.0,,Ball milling + diffusion synthesis,
483,1991,Mg,Mg2Ni0.75Fe0.25,3.2,60.0,250,523.15,1.0,"Yang, 2002",1493.0,,Ball milling + diffusion synthesis,
485,1642,Complex,LiAlH4,10.6,61.0,200,473.15,1.0,"Block, 1965",783.0,[AlH4]-,,
486,131,A2B,Mg2Ni.75Zn.25,3.3,61.5,246,519.15,1.0,"Darnaudery, 1983",418.0,,,
488,1985,Mg,Mg2Ni.75Zn.25,3.3,61.5,246,519.15,1.0,"Darnaudery, 1983",418.0,,,
490,130,A2B,Mg2Ni.75V.25,2.9,62.4,250,523.15,1.0,"Darnaudery, 1983",418.0,,,
492,1983,Mg,Mg2Ni.75V.25,2.9,62.4,250,523.15,1.0,"Darnaudery, 1983",418.0,,,
494,128,A2B,Mg2Ni.75Fe.25,2.8,63.2,253,526.15,1.0,"Darnaudery, 1983",418.0,,,
496,1979,Mg,Mg2Ni.75Fe.25,2.8,63.2,253,526.15,1.0,"Darnaudery, 1983",418.0,,,
498,318,AB,ZrNi,2.0,64.0,300,573.15,1.0,"Nemirovskaya, 1991",606.0,,,
499,124,A2B,Mg2Ni.75Co.25,3.1,64.5,279,552.15,1.0,"Darnaudery, 1983",418.0,,,
501,1975,Mg,Mg2Ni.75Co.25,3.1,64.5,279,552.15,1.0,"Darnaudery, 1983",418.0,,,
503,311,AB,ZrCo,2.0,66.0,430,703.15,1.0,"Nemirovskaya, 1991",606.0,,,
504,1980,Mg,Mg2Ni.75Fe.25,2.9,66.0,285,558.15,1.0,"Selvam, 1988",712.0,,,
505,1984,Mg,Mg2Ni.75Zn.25,3.1,66.0,283,556.15,1.0,"Selvam, 1988",712.0,,,
506,1974,Mg,Mg2Ni.75Co.25,3.1,68.0,297,570.15,1.0,"Selvam, 1988",712.0,(Cal),,
507,685,AB2,GdMn2,1.1,87.5,360,633.15,1.0,"Shaltiel, 1979",361.0,,,
508,689,AB2,GdNi2,1.5,90.0,300,573.15,1.0,"Shaltiel, 1979",361.0,,,
509,948,AB5,Ca.85Mm.15Ni5,1.12,29.3,25,298.15,0.9,"Liang, 2001",1203.0,,,
510,1402,AB5,TbNi4Al,0.9,33.7,20,293.15,0.9,"Sorgic, 1996",635.0,,,
511,1064,AB5,LaNi4.7Mn0.3,1.4,36.2,20,293.15,0.9,"Verbetsky, 1989",1529.0,,,
512,438,AB2,Ti.7Zr.3Mn1.9Mo.1,1.7,41.0,17,290.15,0.9,"Gamo, 1979",34.0,,,
513,1226,AB5,La0.66Ce0.2Pr0.14Co5,1.0,41.0,50,323.15,0.9,"Sarynin, 1981",1526.0,,,
514,2445,MIC,Ce2Co7,0.9,43.3,100,373.15,0.9,"Goudy, 1976",186.0,,,
515,2201,MIC,Nd2Co7 (M),1.2,56.7,125,398.15,0.9,"Goudy, 1976",186.0,,,
516,1218,AB5,La0.1Ce0.9Co5,0.6,41.0,20,293.15,0.84,"Burnasheva, 1978",1518.0,,,
517,906,AB2,ZrCr.6Fe1.4,1.5,27.0,23,296.15,0.8,"Wallace, 1985",1169.0,,,
518,1076,AB5,LaNi4.8Sn.2,1.4,29.4,25,298.15,0.8,"Zhang, 1996",679.0,,,
519,844,AB2,Zr.7Ti.3CrFe,1.7,30.0,23,296.15,0.8,"Yu, 1985",555.0,,,
520,1231,AB5,La0.75Pr0.25Ni4.5Cu0.3Al0.2,1.4,34.2,22,295.15,0.8,"Petrova, 1989",1520.0,,,
521,2394,MIC,Zr2Ni5,0.5,35.0,60,333.15,0.8,"Spit, 1982",446.0,,,
522,1201,AB5,La.8Ce.2Ni4.25Co.5Sn.25,1.2,38.2,25,298.15,0.8,"Zhang, 1996",679.0,,,
523,556,AB2,ZrCr2Fe.8,1.2,46.5,100,373.15,0.8,"Drasner, 1991",564.0,,,
524,2291,MIC,Ti3Al,2.9,47.0,50,323.15,0.8,"Rudman, 1978",191.0,,,
525,1044,AB5,LaNi4.6Ge.4,1.2,34.3,30,303.15,0.78,"Mendlesohn, 1979",486.0,,,
526,908,AB2,ZrCr1.2Fe.8,1.4,50.2,70,343.15,0.75,"Boulghallat, 1993",375.0,(+ Fe1.2 & Fe1.5),,
527,1219,AB5,La0.2Ce0.8Co5,0.6,44.0,20,293.15,0.72,"Burnasheva, 1978",1518.0,,,
528,636,AB2,ZrMn2Fe.8,1.4,12.7,23,296.15,0.7,"Sinha, 1982",509.0,,,
529,643,AB2,ZrMn3.8,1.2,17.0,30,303.15,0.7,"Pourarian, 1981",19.0,,,
530,2483,SS,Pd.9Ni.05Rh.05,0.6,28.4,30,303.15,0.7,"Sakamoto, 1995",603.0,,,
531,194,AB,TiFe.8Be.2,1.4,30.5,21,294.15,0.7,"Bruzzone, 1980",421.0,,,
532,1228,AB5,La0.75Ce0.25Ni4Cu0.8Al0.2,1.4,33.5,22,295.15,0.7,"Petrova, 1989",1520.0,,,
533,953,AB5,CaNi5,1.2,33.9,25,298.15,0.7,"Nahm, 1990",252.0,,,
534,1061,AB5,LaNi4.7Al0.3,1.3,34.9,20,293.15,0.7,"Verbetsky, 1989",1529.0,,,
535,2125,MIC,La.5Ca1.5MgNi9 (M),1.9,35.4,20,293.15,0.7,"Chen, 2000",1316.0,,,
536,902,AB2,ZrCoCr,1.6,40.2,50,323.15,0.7,"Shaltiel, 1977",14.0,,,
537,1367,AB5,NdCo5,0.62,42.7,22,295.15,0.7,"van Mal, 1976",103.0,,,
538,1050,AB5,LaNi4.6Si.4,1.0,35.6,30,303.15,0.67,"Mendlesohn, 1979",486.0,,,
539,1222,AB5,La0.4Ce0.6Co5,0.6,38.0,20,293.15,0.65,"Burnasheva, 1978",1518.0,,,
540,1041,AB5,LaNi4.6Al.4,1.38,36.4,48,321.15,0.64,"Mendelsoh, 1979",265.0,,,
541,2123,MIC,HoFe3,1.0,44.6,150,423.15,0.63,"Goudy, 1976",186.0,,,
542,1274,AB5,LaNi3Cr0.5Cu1.5,1.1,35.5,22,295.15,0.62,"Burnasheva, 1984",1528.0,,,
543,2601,SS,Pd.927Ir.073,0.1,17.0,25,298.15,0.6,"LaPrade, 1974",469.0,,,
544,642,AB2,ZrMn3,1.3,29.2,50,323.15,0.6,"Luo, 1992",582.0,,,
545,590,AB2,ZrFeMo,1.2,29.8,30,303.15,0.6,"Semenenko, 1980",638.0,,,
546,568,AB2,ZrCrFeMn.8,1.4,32.0,23,296.15,0.6,"Wallace, 1985",1168.0,,,sloping plateau
547,2488,SS,Pd.9Rh.1,0.7,32.4,50,323.15,0.6,"Noh, 1993",867.0,,,
548,998,AB5,DyNi4Al,0.8,35.4,20,293.15,0.6,"Sorgic, 1996",635.0,,,
549,2460,SS,Pd.95Co.05,0.6,38.2,81,354.15,0.6,"Feenstra, 1987",609.0,,,
550,1027,AB5,LaNi4.5Al.5,1.38,38.6,60,333.15,0.6,"Mendelsoh, 1979",265.0,,,
551,1039,AB5,LaNi4.65Mn0.2Al0.15,1.5,38.8,20,293.15,0.6,"Verbetsky, 1989",1529.0,,,
552,2124,MIC,La.5Ca.5Ni3,1.6,43.5,20,293.15,0.6,"Chen, 2000",1316.0,,,
553,2261,MIC,TbCo3 (M),1.4,46.9,75,348.15,0.6,"Burnasheva, 1977",543.0,,,
554,2486,SS,Pd.9Rh.1,0.6,29.2,30,303.15,0.58,"Sakamoto, 1994",868.0,,,
555,1259,AB5,LaNi2FeCu2,1.1,36.9,22,295.15,0.55,"Burnasheva, 1984",1528.0,,,
556,1283,AB5,LaNi5,1.4,29.7,0,273.15,0.5,"Mikheeva, 1976",668.0,,,
557,1146,AB5,MmNi4.2Al.8,1.1,31.0,30,303.15,0.5,"Iwakura, 1995",1177.0,,,
558,955,AB5,CaNi5 (M),1.9,31.9,25,298.15,0.5,"Sandrock, 1977",106.0,,,
559,1037,AB5,LaNi4.5Si.5,1.0,36.5,25,298.15,0.5,"Meli, 1992",674.0,,,
560,954,AB5,CaNi5 (M),1.7,37.7,25,298.15,0.5,"Oesterreicher, 1980",43.0,,,
561,432,AB2,Ti.6Zr.4Mn1.9Cu.1,1.7,40.6,20,293.15,0.5,"Gamo, 1979",34.0,,,
562,1015,AB5,LaNi4.25Co.5Sn.25,1.4,42.5,25,298.15,0.5,"Zhang, 1996",679.0,,,
563,449,AB2,Ti.8Zr.2Mn1.5V.5,2.0,45.6,30,303.15,0.5,"Hong, 1993",373.0,,,
564,1386,AB5,PrCo5 (M),0.8,40.0,20,293.15,0.49,"Burnasheva, 1978",1517.0,,,Lower plateau
565,1105,AB5,LaNi4Fe0.5Cu0.5,1.3,36.1,22,295.15,0.48,"Burnasheva, 1984",1528.0,,,
566,1077,AB5,LaNi4.8Sn.2,1.4,32.8,25,298.15,0.47,"Luo, 1995",275.0,,,
567,2375,MIC,YCo3,1.5,44.0,75,348.15,0.45,"Yamaguchi, 1985",573.0,,,
568,2562,SS,Nb.97Cr.03,0.9,47.2,77,350.15,0.45,"Esayed, 2000",1419.0,,,
570,2561,SS,Nb.95Cr.05,0.9,47.2,77,350.15,0.26,"Esayed, 2000",1419.0,,,
572,1060,AB5,LaNi4.7Al.3,1.44,34.0,25,298.15,0.42,"Huston, 1980",77.0,,,
573,626,AB2,ZrMn2.8,1.5,18.4,23,296.15,0.4,"Pourarian, 1981",19.0,,,
574,924,AB2,ZrMo2 (M),1.0,22.0,-78,195.15,0.4,"Semenko, 1996",1154.0,,,
575,469,AB2,TiV1.4Ni.6,2.9,28.8,60,333.15,0.4,"Chen, 1994",1163.0,,,
576,2159,MIC,LaCaMgNi6Al.3,1.9,30.0,20,293.15,0.4,"Chen, 2000",1295.0,,,Sloping plateau
577,2160,MIC,LaCaMgNi6Al3,1.8,30.0,20,293.15,0.4,"Chen, 2000",1316.0,,,Sloping plateau
578,602,AB2,ZrMn1.2Fe0.4,1.5,33.0,50,323.15,0.4,"Shaltiel, 1977",14.0,(+ ZrMnFe),,
579,2437,MIC,CaNi3,2.0,35.0,20,293.15,0.4,"Chen, 2000",1316.0,,,
580,1148,AB5,MmNi4.2Co.2Mn.3Al.3,1.38,36.5,40,313.15,0.4,"Takeya, 1993",279.0,,,
581,2473,SS,Pd.96Pt.04,0.5,37.4,80,353.15,0.4,"Yasumatsu, 1999",1406.0,,,
582,2067,MIC,DyFe3,1.0,47.1,150,423.15,0.4,"Goudy, 1976",186.0,,,
583,2168,MIC,LaMg2Cu2,2.4,64.2,170,443.15,0.4,"Kadir, 1999",1305.0,,,
584,2606,SS,Pd.942Ir.058,0.4,25.9,25,298.15,0.35,"LaPrade, 1974",469.0,,,
585,956,AB5,CaNi5 (M),1.9,32.2,20,293.15,0.33,"Yoshikawa, 1982",138.0,,,
586,1012,AB5,LaNi3FeCu,1.1,37.2,22,295.15,0.33,"Burnasheva, 1984",1528.0,,,
587,200,AB,TiFe.8Ni.2,1.3,41.2,50,323.15,0.33,"Huston, 1980",77.0,,,
588,2462,SS,Pd.95Ni.025Rh.025,0.7,32.6,50,323.15,0.32,"Sakamoto, 1995",603.0,,,
589,2113,MIC,Ho6Fe23,0.8,24.3,0,273.15,0.3,"Smith, 1983",612.0,,,
590,2585,SS,Pd.88Pt.06Rh.06,0.5,24.8,0,273.15,0.3,"Sakamoto, 1997",661.0,,,
591,2464,SS,Pd.95Pt.05,0.6,29.0,25,298.15,0.3,"Thiebaut, 1995",482.0,,,
592,2600,SS,Pd.925Rh.075,0.7,32.4,30,303.15,0.3,"Sakamoto, 1994",868.0,,,
593,1020,AB5,LaNi4.4B.6,0.62,33.5,25,298.15,0.3,"Mendelsohn, 1980",380.0,,,
594,1021,AB5,LaNi4.4Zn.6,1.4,34.8,20,293.15,0.3,"Rozdzynska-Kielbik, 2000",1198.0,,,
595,2047,MIC,CeCo3 (M),1.0,38.1,79,352.15,0.3,"Tauber, 1976",529.0,,,
596,535,AB2,Zr(Ni.6V.2Mn.2)2.4,1.6,39.9,30,303.15,0.3,"Gao, 1995",404.0,,,
597,2065,MIC,DyCo3,1.4,42.7,50,323.15,0.3,"Burnasheva, 1977",543.0,,,
598,1028,AB5,LaNi4.5Al.5,1.4,44.4,25,298.15,0.3,"Oh, 1998",1187.0,,,
599,429,AB2,Ti.6Zr.4Mn1.4Cr.4Cu.2,1.8,48.0,20,293.15,0.3,"Gamo, 1979",35.0,,,
600,2362,MIC,Y5Si3,0.4,53.3,398,671.15,0.3,"McColm, 1986",574.0,,,
601,2217,MIC,NdCo3 (M),1.3,54.5,20,293.15,0.29,"Kierstead, 1981",444.0,,,
602,198,AB,TiFe.8Ni.2,1.0,41.9,50,323.15,0.28,"Mintz, 1981",390.0,,,
603,2461,SS,Pd.95Cr.05,0.6,29.6,30,303.15,0.26,"Ura, 1995",484.0,,,
604,316,AB,ZrNi,1.8,76.8,250,523.15,0.26,"Libowitz, 1958",68.0,,,
605,580,AB2,ZrFe1.5V.5,1.6,32.2,50,323.15,0.25,"Shaltiel, 1977",14.0,,,
606,2348,MIC,Y2Co7,1.3,38.0,20,293.15,0.25,"Yamaguchi, 1985",573.0,,,
607,2429,MIC,Zr7Ni10,1.4,47.0,60,333.15,0.25,"Spit, 1982",446.0,,,
608,909,AB2,ZrCr1.2Ni.8,2.0,56.4,70,343.15,0.25,"Boulghallat, 1993",375.0,,,
609,1220,AB5,La0.2Pr0.8Co5 (M),0.7,38.0,20,293.15,0.23,"Burnasheva, 1978",1517.0,,,Lower plateau
610,1123,AB5,MmNi3.5Co.7Al.8,1.24,39.8,40,313.15,0.23,"Sakai, 1992",278.0,,,
611,2262,MIC,TbFe3,1.1,48.0,150,423.15,0.23,"Goudy, 1976",186.0,,,
612,2466,SS,Pd.95Rh.05,0.7,28.0,25,298.15,0.21,"Thiebaut, 1995",482.0,,,
613,710,AB2,Ho.8Zr.2Co2,1.2,25.0,50,323.15,0.2,"Ramesh, 1993",363.0,,,
614,925,AB2,ZrMoCr,1.3,27.6,25,298.15,0.2,"Mitrokhin, 1981",1148.0,,,sloping plateau
615,707,AB2,Ho.6Zr.4Co2,1.0,33.0,50,323.15,0.2,"Ramesh, 1993",363.0,,,
616,2045,MIC,CeCo3,1.6,38.1,50,323.15,0.2,"Burnasheva, 1977",543.0,,,
617,1035,AB5,LaNi4.5Mn0.3Al0.3,1.3,39.3,35,308.15,0.2,"Filatova, 2000",1524.0,,,
618,2082,MIC,ErCo3,1.3,39.8,50,323.15,0.2,"Burnasheva, 1977",543.0,,,
619,1248,AB5,LaCo5 (M),0.99,40.0,50,323.15,0.2,"Kuijpers, 1972",96.0,,,
620,315,AB,ZrNi,1.7,40.1,250,523.15,0.2,"Cantrell, 1995",409.0,,,
621,1006,AB5,GdNi4Al,0.9,41.5,20,293.15,0.2,"Sorgic, 1996",635.0,,,
622,2249,MIC,SmCo3,0.6,59.4,69,342.15,0.2,"Tauber, 1976",529.0,,,
623,298,AB,Zr.5Hf.5Co,1.1,76.2,200,473.15,0.2,"Konishi, 1995",858.0,,,
624,2716,SS,Zr.975Nb.025,2.2,219.0,800,1073.15,0.2,"Sinha, 1970",472.0,,,
625,1233,AB5,La0.8Ce0.2Co5,0.8,34.0,20,293.15,0.18,"Burnasheva, 1978",1518.0,,,
626,2102,MIC,GdFe3,1.0,50.4,150,423.15,0.18,"Goudy, 1976",186.0,,,
627,2465,SS,Pd.95Pt.05,0.6,33.0,30,303.15,0.17,"Noh, 1995",481.0,,,
628,1232,AB5,La0.7Ce0.3Co5 (M),0.7,42.0,20,293.15,0.17,"Burnasheva, 1978",1518.0,,,Lower plateau
629,1227,AB5,La0.6Pr0.4Co5 (M),0.9,43.0,20,293.15,0.17,"Burnasheva, 1978",1517.0,,,Lower plateau
630,2475,SS,Pd.975Mo.025,0.5,30.8,30,303.15,0.16,"Ura, 1995",484.0,,,
631,2612,SS,Pd.95Bi.05,0.4,37.8,100,373.15,0.16,"Sakamoto, 1996",637.0,,,
632,734,AB2,LiPd2,0.8,51.0,300,573.15,0.16,"Sakamoto, 1995",411.0,,,
633,1048,AB5,LaNi4.6Mn.4,1.49,39.4,25,298.15,0.15,"Lundin, 1978",272.0,,,
634,1318,AB5,LaNiCo4,1.0,45.0,40,313.15,0.15,"Colinet, 1987",569.0,,,
635,183,AB,TiCu (M),1.6,126.0,500,773.15,0.15,"Kadel, 1978",523.0,,,
636,2467,SS,Pd.95Rh.05,0.7,34.2,30,303.15,0.13,"Sakamoto, 1994",868.0,,,
637,623,AB2,ZrMn2.6Fe.2,1.4,15.0,100,373.15,0.12,"Pourarian, 1982",512.0,,,
638,628,AB2,ZrMn2.8Fe.4,1.2,23.0,100,373.15,0.12,"Pourarian, 1982",512.0,,,
639,18,A2B,Ti2Cu (M),2.2,130.0,500,773.15,0.12,"Kadel, 1978",523.0,,,
640,1103,AB5,LaNi4Fe,0.8,34.5,40,313.15,0.11,"Misawa, 1979",118.0,(+ Fe2.5),,
641,1234,AB5,La0.8Pr0.2Co5 (M),0.9,38.0,20,293.15,0.11,"Burnasheva, 1978",1517.0,,,Lower plateau
642,1294,AB5,LaNi5,1.8,30.1,-40,233.15,0.1,"Semenenko, 1977",504.0,,,
643,2474,SS,Pd.972Ir.028,0.5,30.7,25,298.15,0.1,"LaPrade, 1974",469.0,,,
644,2478,SS,Pd.98V.02,0.5,30.8,25,298.15,0.1,"Artman, 1976",485.0,,,
645,1182,AB5,MmNi4Al,1.1,32.0,30,303.15,0.1,"Iwakura, 1995",1177.0,,,sloping plateau
646,607,AB2,ZrMn1.8,1.6,38.8,50,323.15,0.1,"Luo, 1992",582.0,,,
647,586,AB2,ZrFeCr,1.7,49.4,50,323.15,0.1,"Shaltiel, 1977",14.0,,,
648,347,AB2,CeMg2,3.1,101.0,216,489.15,0.1,"Verbetsky, 1989",1155.0,,,
650,1750,Mg,CeMg2,3.1,101.0,216,489.15,0.1,"Verbetsky, 1989",1155.0,,,
652,2405,MIC,Zr3V3O,1.2,152.0,700,973.15,0.1,"Mendelsohn, 1982",440.0,,,
653,1090,AB5,LaNi4Al0.5Cu0.5,1.4,40.0,22,295.15,0.09,"Burnasheva, 1984",1528.0,,,
654,113,A2B,Mg2Ni,3.5,64.4,180,453.15,0.09,"Guthrie, 1998",863.0,Vapor synthesized,Non-twinned,
658,1960,Mg,Mg2Ni,3.5,64.4,180,453.15,0.09,"Guthrie, 1998",863.0,Vapor synthesized,,
662,114,A2B,Mg2Ni,3.5,64.4,180,453.15,0.07,"Guthrie, 1998",863.0,Vapor synthesized,Twinned,
666,1959,Mg,Mg2Ni,3.5,64.4,180,453.15,0.07,"Guthrie, 1998",863.0,Vapor synthesized,,
670,473,AB2,TiV1.8Ni.2,3.6,35.3,90,363.15,0.08,"Chen, 1994",1163.0,,,
671,1053,AB5,LaNi4.6Sn.4,1.26,38.5,20,293.15,0.08,"Mendlesoh, 1978",116.0,,,
672,291,AB,UCo,0.6,55.0,150,423.15,0.08,"Yamamoto, 1991",398.0,,,
673,414,AB2,ThZr2,0.5,413.0,910,1183.15,0.08,"Bartscher, 1988",556.0,,,
674,622,AB2,ZrMn2.5,1.4,32.0,50,323.15,0.07,"Luo, 1992",582.0,,,
675,2470,SS,Pd.95Sb.05,0.5,34.6,100,373.15,0.07,"Sakamoto, 1996",637.0,,,
676,985,AB5,CeFe5,0.7,82.0,100,373.15,0.07,"Lundin, 1975",253.0,,,
677,774,AB2,Ti.9Zr.3Mn1.3Cu.05Mo.05V.2Cr.2,2.0,15.2,20,293.15,0.06,"Au, 1995",860.0,,,
678,633,AB2,ZrMn2Cu.8,1.4,27.0,50,323.15,0.06,"Pourarian, 1984",551.0,,,
679,1292,AB5,LaNi5,1.5,28.5,-55,218.15,0.06,"Andreev, 1978",670.0,Low temperature data,,
680,1249,AB5,LaCo5 (M),1.0,42.3,30,303.15,0.06,"Ishikawa, 2002",1510.0,,,
681,119,A2B,Mg2Ni,3.6,68.8,180,453.15,0.06,"Guthrie, 1998",863.0,Melted,Non-twinned,
683,1966,Mg,Mg2Ni,3.6,68.8,180,453.15,0.06,"Guthrie, 1998",863.0,Melted,,
685,2476,SS,Pd.975Rh.025,0.7,36.0,30,303.15,0.056,"Sakamoto, 1994",868.0,,,
686,1013,AB5,LaNi4.25Al.75,1.13,44.1,40,313.15,0.054,"Diaz, 1979",270.0,,,
687,1046,AB5,LaNi4.6In.4,1.2,39.8,20,293.15,0.05,"Mendlesohn, 1978",116.0,,,
688,144,AB,ThCo,1.4,46.8,40,313.15,0.05,"Buschow, 1975",187.0,,,
689,115,A2B,Mg2Ni,3.5,68.6,180,453.15,0.05,"Guthrie, 1998",863.0,Melted,Twinned,
691,1961,Mg,Mg2Ni,3.5,68.6,180,453.15,0.05,"Guthrie, 1998",863.0,Melted,,
693,330,AB2,CaNi2,2.1,85.0,25,298.15,0.05,"Oesterreicher, 1980",43.0,,,
694,308,AB,ZrCo,1.2,90.0,252,525.15,0.05,"Devillers, 1989",399.0,,,
695,1095,AB5,LaNi4Cr,0.54,34.0,25,298.15,0.04,"Misawa, 1979",118.0,,,
696,2471,SS,Pd.95Sc.05,0.5,37.4,50,323.15,0.04,"Sakamoto, 1993",604.0,,,
697,952,AB5,CaNi5,0.3,62.0,22,295.15,0.04,"Yagisawa, 1984",671.0,Lowest plateau only,,
698,189,AB,TiFe.6Ni.4,1.5,48.6,50,323.15,0.035,"Bershadsky, 1993",395.0,,,
699,619,AB2,ZrMn2,1.8,53.2,80,353.15,0.03,"Shaltiel, 1977",14.0,,,
700,300,AB,Zr.7Hf.3Co,1.4,80.3,200,473.15,0.03,"Konishi, 1995",858.0,,,
701,254,AB,HfNi (M),1.3,50.0,50,323.15,0.02,"van Essen, 1979",386.0,,,
702,2235,MIC,PrCo3,1.3,54.2,100,373.15,0.02,"Clinton, 1975",102.0,,,
703,270,AB,Li.94Pd,0.9,69.2,300,573.15,0.02,"Sakamoto, 1995",411.0,,,
704,39,A2B,Zr2Cu (M),1.3,142.0,700,973.15,0.02,"Kadel, 1979",429.0,,,
705,2096,MIC,GdCo3 (M),1.3,42.6,20,293.15,0.015,"Kierstead, 1981",444.0,,,
706,1684,Mg,Mg6Pd,0.9,80.3,160,433.15,0.014,"Kume, 1987",576.0,,,
708,2187,MIC,Mg6Pd,0.9,80.3,160,433.15,0.014,"Kume, 1987",576.0,,,
710,658,AB2,ErFe2 (M),1.1,56.2,130,403.15,0.013,"Flanagan, 1987",358.0,,,
711,312,AB,ZrCo (M),1.6,67.0,200,473.15,0.013,"Irvine, 1978",70.0,,,
712,239,AB,ErAg,0.3,35.2,790,1063.15,0.01,"Philipp, 1991",384.0,,,
713,618,AB2,ZrMn2,1.7,37.4,50,323.15,0.01,"Luo, 1992",582.0,,,
714,145,AB,ThNi,1.2,45.3,40,313.15,0.01,"Buschow, 1975",187.0,,,
715,457,AB2,Ti.8Zr.2V.6Mn.2Pd.1Ni.8Fe.2,1.3,46.5,25,298.15,0.01,"Yang, 1999",1180.0,,,
716,950,AB5,CaNi4B,1.2,55.7,27,300.15,0.01,"Oesterreicher, 1980",43.0,,,
717,313,AB,ZrCo.84Ni.16 (M),1.6,83.0,250,523.15,0.01,"Irvine, 1980",400.0,,,
718,2286,MIC,ThNiAl,0.9,47.0,40,313.15,0.007,"Drulis, 1982",434.0,,,
719,314,AB,ZrNi,1.2,47.5,300,573.15,0.005,"Luo, 1990",550.0,,,
720,310,AB,ZrCo,1.7,76.3,200,473.15,0.005,"Konishi, 1995",858.0,,,
721,1703,Mg,MgNi,2.0,40.0,25,298.15,0.004,"Ikeda, 1998",1466.0,Amorphous,,
722,180,AB,TiCu,1.7,75.0,200,473.15,0.004,"Maeland, 1978",389.0,,,
723,914,AB2,ZrCr2,1.8,42.0,27,300.15,0.003,"Pebler, 1967",13.0,,,
724,480,AB2,TmFe2 (M),1.6,56.8,80,353.15,0.003,"Kierstead, 1982",374.0,,,
725,38,A2B,Zr2Cu (M),1.3,144.0,600,873.15,0.003,"Pebler, 1966",12.0,,,
726,44,A2B,Zr2Ni,1.3,183.0,604,877.15,0.003,"Pebler, 1966",12.0,,,
727,903,AB2,ZrCoV,1.8,49.4,50,323.15,0.0023,"Shaltiel, 1977",14.0,,,
728,2576,SS,Pd.7Ag.3,0.3,46.0,50,323.15,0.002,"Brodowsky, 1965",527.0,,,
729,591,AB2,ZrFeV,1.6,48.1,50,323.15,0.0012,"Shaltiel, 1977",14.0,,,
730,2068,MIC,DyFe3(M),1.1,45.7,20,293.15,0.001,"Kierstead, 1980",449.0,,,
731,659,AB2,ErFe2 (M),1.5,57.9,80,353.15,0.001,"Kierstead, 1980",356.0,,,
732,251,AB,HfCo,1.3,59.0,50,323.15,0.001,"van Essen, 1979",386.0,,,
733,749,AB2,PrCo2,1.5,67.0,100,373.15,0.001,"Clinton, 1975",102.0,,,
734,5,A2B,Th2Al,0.8,130.0,500,773.15,0.001,"Van Vucht, 1963",492.0,,,
735,484,AB2,UNiAl (M),0.5,74.6,100,373.15,0.0003,"Yamanaka, 1999",1260.0,,,
736,4,A2B,Th1.5Ce.5Al,0.4,133.0,650,923.15,0.0003,"Van Vucht, 1963",492.0,,,
738,409,AB2,Th1.5Ce.5Al,0.4,133.0,650,923.15,0.0003,"Van Vucht, 1963",492.0,,,
740,368,AB2,DyFe2 (M),1.5,58.0,80,353.15,0.0001,"Kierstead, 1980",356.0,,,
